episode,source_url,source
000,https://vimeo.com/1179679629/2c5916cf02?share=copy&fl=sv&fe=ci,"official hejustinsun.com Framer CMS / Vimeo"
001,https://vimeo.com/1179683060/b7e0049994?share=copy&fl=sv&fe=ci,"official hejustinsun.com Framer CMS / Vimeo"
002,https://vimeo.com/1179683841/e48fcae2d6?share=copy&fl=sv&fe=ci,"official hejustinsun.com Framer CMS / Vimeo"
003,https://vimeo.com/1179684422/eda0822626?share=copy&fl=sv&fe=ci,"official hejustinsun.com Framer CMS / Vimeo"
004,https://vimeo.com/1179687576/27369ae97b?share=copy&fl=sv&fe=ci,"official hejustinsun.com Framer CMS / Vimeo"
005,https://vimeo.com/1179687907/6d5d2482d5?share=copy&fl=sv&fe=ci,"official hejustinsun.com Framer CMS / Vimeo"
006,https://vimeo.com/1179688350/2ee957d4eb?share=copy&fl=sv&fe=ci,"official hejustinsun.com Framer CMS / Vimeo"
007,https://vimeo.com/1179689453/6ea04ececd?share=copy&fl=sv&fe=ci,"official hejustinsun.com Framer CMS / Vimeo"
008,https://vimeo.com/1179689834/b7b3ce5df4?share=copy&fl=sv&fe=ci,"official hejustinsun.com Framer CMS / Vimeo"
009,https://vimeo.com/1179690308/4e57373db9?share=copy&fl=sv&fe=ci,"official hejustinsun.com Framer CMS / Vimeo"
010,https://vimeo.com/1179690712/3b56f34aea?share=copy&fl=sv&fe=ci,"official hejustinsun.com Framer CMS / Vimeo"
011,https://vimeo.com/1179691035/aea66937e2?share=copy&fl=sv&fe=ci,"official hejustinsun.com Framer CMS / Vimeo"
012,https://vimeo.com/1179691257/ee64934e4a?share=copy&fl=sv&fe=ci,"official hejustinsun.com Framer CMS / Vimeo"
013,https://vimeo.com/1179691533/0693e00ed4?share=copy&fl=sv&fe=ci,"official hejustinsun.com Framer CMS / Vimeo"
014,https://vimeo.com/1179691963/d97d6d2d80?share=copy&fl=sv&fe=ci,"official hejustinsun.com Framer CMS / Vimeo"
015,https://vimeo.com/1179692400/bbee7aa133?share=copy&fl=sv&fe=ci,"official hejustinsun.com Framer CMS / Vimeo"
016,https://vimeo.com/1179692693/84a31791d6?share=copy&fl=sv&fe=ci,"official hejustinsun.com Framer CMS / Vimeo"
017,https://vimeo.com/1179692955/d7fcbf087b?share=copy&fl=sv&fe=ci,"official hejustinsun.com Framer CMS / Vimeo"
018,https://vimeo.com/1179693184/cd08ddab11?share=copy&fl=sv&fe=ci,"official hejustinsun.com Framer CMS / Vimeo"
019,https://vimeo.com/1179693406/335d14a5e5?share=copy&fl=sv&fe=ci,"official hejustinsun.com Framer CMS / Vimeo"
020,https://vimeo.com/1179693632/29a27a2b54?share=copy&fl=sv&fe=ci,"official hejustinsun.com Framer CMS / Vimeo"
021,https://vimeo.com/1179693830/479e89d212?share=copy&fl=sv&fe=ci,"official hejustinsun.com Framer CMS / Vimeo"
022,https://vimeo.com/1179694168/9740545cd2?share=copy&fl=sv&fe=ci,"official hejustinsun.com Framer CMS / Vimeo"
023,https://vimeo.com/1179694477/aa8ddd2496?share=copy&fl=sv&fe=ci,"official hejustinsun.com Framer CMS / Vimeo"
024,https://vimeo.com/1179694797/3d4ac39450?share=copy&fl=sv&fe=ci,"official hejustinsun.com Framer CMS / Vimeo"
025,https://vimeo.com/1179695011/c98701d78d?share=copy&fl=sv&fe=ci,"official hejustinsun.com Framer CMS / Vimeo"
026,https://vimeo.com/1179695221/62b0f66af3?share=copy&fl=sv&fe=ci,"official hejustinsun.com Framer CMS / Vimeo"
027,https://vimeo.com/1179695544/50c3731d2e?share=copy&fl=sv&fe=ci,"official hejustinsun.com Framer CMS / Vimeo"
028,https://vimeo.com/1179695788/f7df3f7abe?share=copy&fl=sv&fe=ci,"official hejustinsun.com Framer CMS / Vimeo"
029,https://vimeo.com/1179696163/443d8b944c?share=copy&fl=sv&fe=ci,"official hejustinsun.com Framer CMS / Vimeo"
030,https://vimeo.com/1179722655/f8ccfe2c00?share=copy&fl=sv&fe=ci,"official hejustinsun.com Framer CMS / Vimeo"
031,https://vimeo.com/1179724042/2d60752f10?share=copy&fl=sv&fe=ci,"official hejustinsun.com Framer CMS / Vimeo"
032,https://vimeo.com/1179724265/b8970e7e7d?share=copy&fl=sv&fe=ci,"official hejustinsun.com Framer CMS / Vimeo"
033,https://vimeo.com/1179724456/582910dfb7?share=copy&fl=sv&fe=ci,"official hejustinsun.com Framer CMS / Vimeo"
034,https://vimeo.com/1179724607/db7593c589?share=copy&fl=sv&fe=ci,"official hejustinsun.com Framer CMS / Vimeo"
035,https://vimeo.com/1179724815/758a8b668e?share=copy&fl=sv&fe=ci,"official hejustinsun.com Framer CMS / Vimeo"
036,https://vimeo.com/1179724973/070dd629fd?share=copy&fl=sv&fe=ci,"official hejustinsun.com Framer CMS / Vimeo"
037,https://vimeo.com/1179725133/9963e375b9?share=copy&fl=sv&fe=ci,"official hejustinsun.com Framer CMS / Vimeo"
038,https://vimeo.com/1179725320/5dc889359e?share=copy&fl=sv&fe=ci,"official hejustinsun.com Framer CMS / Vimeo"
039,https://vimeo.com/1179725490/58bf6cc7a1?share=copy&fl=sv&fe=ci,"official hejustinsun.com Framer CMS / Vimeo"
040,https://vimeo.com/1179725712/6b6df68022?share=copy&fl=sv&fe=ci,"official hejustinsun.com Framer CMS / Vimeo"
041,https://vimeo.com/1179725924/f5ff6a4d36?share=copy&fl=sv&fe=ci,"official hejustinsun.com Framer CMS / Vimeo"
042,https://vimeo.com/1179726102/7fb0b4e3fb?share=copy&fl=sv&fe=ci,"official hejustinsun.com Framer CMS / Vimeo"
043,https://vimeo.com/1179726207/fb20c71475?share=copy&fl=sv&fe=ci,"official hejustinsun.com Framer CMS / Vimeo"
044,https://vimeo.com/1179726355/f4260b3f0e?share=copy&fl=sv&fe=ci,"official hejustinsun.com Framer CMS / Vimeo"
045,https://vimeo.com/1179726569/9aada558cd?share=copy&fl=sv&fe=ci,"official hejustinsun.com Framer CMS / Vimeo"
046,https://vimeo.com/1179726823/bb9552df9f?share=copy&fl=sv&fe=ci,"official hejustinsun.com Framer CMS / Vimeo"
047,https://vimeo.com/1179727058/2fd0a7b8db?share=copy&fl=sv&fe=ci,"official hejustinsun.com Framer CMS / Vimeo"
048,https://vimeo.com/1179727217/5029f55726?share=copy&fl=sv&fe=ci,"official hejustinsun.com Framer CMS / Vimeo"
049,https://vimeo.com/1179727406/e6f7d9407e?share=copy&fl=sv&fe=ci,"official hejustinsun.com Framer CMS / Vimeo"
050,https://vimeo.com/1179739824/260d2bbbcd?share=copy&fl=sv&fe=ci,"official hejustinsun.com Framer CMS / Vimeo"
051,https://vimeo.com/1179739983/cddddace17?share=copy&fl=sv&fe=ci,"official hejustinsun.com Framer CMS / Vimeo"
052,https://vimeo.com/1179740167/bc975858fc?share=copy&fl=sv&fe=ci,"official hejustinsun.com Framer CMS / Vimeo"
053,https://vimeo.com/1179740334/dbe4f8c951?share=copy&fl=sv&fe=ci,"official hejustinsun.com Framer CMS / Vimeo"
054,https://vimeo.com/1179740511/70ee4f6ad6?share=copy&fl=sv&fe=ci,"official hejustinsun.com Framer CMS / Vimeo"
055,https://vimeo.com/1179740680/04897b2280?share=copy&fl=sv&fe=ci,"official hejustinsun.com Framer CMS / Vimeo"
056,https://vimeo.com/1179740844/bdcd6f4045?share=copy&fl=sv&fe=ci,"official hejustinsun.com Framer CMS / Vimeo"
057,https://vimeo.com/1179741021/222d87effb?share=copy&fl=sv&fe=ci,"official hejustinsun.com Framer CMS / Vimeo"
058,https://vimeo.com/1179741183/7f517033d4?share=copy&fl=sv&fe=ci,"official hejustinsun.com Framer CMS / Vimeo"
059,https://vimeo.com/1179741348/2377677cb8?share=copy&fl=sv&fe=ci,"official hejustinsun.com Framer CMS / Vimeo"
060,https://vimeo.com/1179741525/266a4caf95?share=copy&fl=sv&fe=ci,"official hejustinsun.com Framer CMS / Vimeo"
061,https://vimeo.com/1179741678/05c14a9532?share=copy&fl=sv&fe=ci,"official hejustinsun.com Framer CMS / Vimeo"
062,https://vimeo.com/1179741818/600bc2d1be?share=copy&fl=sv&fe=ci,"official hejustinsun.com Framer CMS / Vimeo"
063,https://vimeo.com/1179742042/569962685c?share=copy&fl=sv&fe=ci,"official hejustinsun.com Framer CMS / Vimeo"
064,https://vimeo.com/1179742390/d1ce8c196a?share=copy&fl=sv&fe=ci,"official hejustinsun.com Framer CMS / Vimeo"
065,https://vimeo.com/1179742853/acd11b34bf?share=copy&fl=sv&fe=ci,"official hejustinsun.com Framer CMS / Vimeo"
066,https://vimeo.com/1179743157/5a8af5f477?share=copy&fl=sv&fe=ci,"official hejustinsun.com Framer CMS / Vimeo"
067,https://vimeo.com/1179743347/a2c79bbe51?share=copy&fl=sv&fe=ci,"official hejustinsun.com Framer CMS / Vimeo"
068,https://vimeo.com/1179743486/e49e0da18f?share=copy&fl=sv&fe=ci,"official hejustinsun.com Framer CMS / Vimeo"
069,https://vimeo.com/1179743656/e23026b205?share=copy&fl=sv&fe=ci,"official hejustinsun.com Framer CMS / Vimeo"
070,https://vimeo.com/1179745480/4fbfc6f5f3?share=copy&fl=sv&fe=ci,"official hejustinsun.com Framer CMS / Vimeo"
071,https://vimeo.com/1179745599/6a7d248329?share=copy&fl=sv&fe=ci,"official hejustinsun.com Framer CMS / Vimeo"
072,https://vimeo.com/1179745878/7ad586b70c?share=copy&fl=sv&fe=ci,"official hejustinsun.com Framer CMS / Vimeo"
073,https://vimeo.com/1179746057/52425b6376?share=copy&fl=sv&fe=ci,"official hejustinsun.com Framer CMS / Vimeo"
074,https://vimeo.com/1179746174/23d0d12577?share=copy&fl=sv&fe=ci,"official hejustinsun.com Framer CMS / Vimeo"
075,https://vimeo.com/1179746341/aef57203a5?share=copy&fl=sv&fe=ci,"official hejustinsun.com Framer CMS / Vimeo"
076,https://vimeo.com/1179746456/2ff6599f45?share=copy&fl=sv&fe=ci,"official hejustinsun.com Framer CMS / Vimeo"
077,https://vimeo.com/1179746589/f748894957?share=copy&fl=sv&fe=ci,"official hejustinsun.com Framer CMS / Vimeo"
078,https://vimeo.com/1179746743/873191c854?share=copy&fl=sv&fe=ci,"official hejustinsun.com Framer CMS / Vimeo"
079,https://vimeo.com/1179746846/9bcbfb97c0?share=copy&fl=sv&fe=ci,"official hejustinsun.com Framer CMS / Vimeo"
080,https://vimeo.com/1179746991/f6b3bbc7b9?share=copy&fl=sv&fe=ci,"official hejustinsun.com Framer CMS / Vimeo"
081,https://vimeo.com/1179747189/a87edb4af9?share=copy&fl=sv&fe=ci,"official hejustinsun.com Framer CMS / Vimeo"
082,https://vimeo.com/1179747333/c5d76946d3?share=copy&fl=sv&fe=ci,"official hejustinsun.com Framer CMS / Vimeo"
083,https://vimeo.com/1179747501/f981ab4701?share=copy&fl=sv&fe=ci,"official hejustinsun.com Framer CMS / Vimeo"
084,https://vimeo.com/1179747596/8bb037d689?share=copy&fl=sv&fe=ci,"official hejustinsun.com Framer CMS / Vimeo"
085,https://vimeo.com/1179747730/b29245f93c?share=copy&fl=sv&fe=ci,"official hejustinsun.com Framer CMS / Vimeo"
086,https://vimeo.com/1179747904/fe9752df4e?share=copy&fl=sv&fe=ci,"official hejustinsun.com Framer CMS / Vimeo"
087,https://vimeo.com/1179748026/6892c4f5c8?share=copy&fl=sv&fe=ci,"official hejustinsun.com Framer CMS / Vimeo"
088,https://vimeo.com/1179748183/88a4905149?share=copy&fl=sv&fe=ci,"official hejustinsun.com Framer CMS / Vimeo"
089,https://vimeo.com/1179748311/3f756c3ad7?share=copy&fl=sv&fe=ci,"official hejustinsun.com Framer CMS / Vimeo"
090,https://vimeo.com/1179748453/8d3454a7cc?share=copy&fl=sv&fe=ci,"official hejustinsun.com Framer CMS / Vimeo"
091,https://vimeo.com/1179748598/b03d830b2a?share=copy&fl=sv&fe=ci,"official hejustinsun.com Framer CMS / Vimeo"
092,https://vimeo.com/1179748781/4745c9eed4?share=copy&fl=sv&fe=ci,"official hejustinsun.com Framer CMS / Vimeo"
093,https://vimeo.com/1179749003/e31aca05e6?share=copy&fl=sv&fe=ci,"official hejustinsun.com Framer CMS / Vimeo"
094,https://vimeo.com/1179749176/b8d726db42?share=copy&fl=sv&fe=ci,"official hejustinsun.com Framer CMS / Vimeo"
095,https://vimeo.com/1179749319/bc8f15f24e?share=copy&fl=sv&fe=ci,"official hejustinsun.com Framer CMS / Vimeo"
096,https://vimeo.com/1179749511/a8d0c8f899?share=copy&fl=sv&fe=ci,"official hejustinsun.com Framer CMS / Vimeo"
097,https://vimeo.com/1179749672/7276475346?share=copy&fl=sv&fe=ci,"official hejustinsun.com Framer CMS / Vimeo"
098,https://vimeo.com/1179749827/2df98b460c?share=copy&fl=sv&fe=ci,"official hejustinsun.com Framer CMS / Vimeo"
099,https://vimeo.com/1179749964/28c0ad99ae?fl=pl&fe=cm,"official hejustinsun.com Framer CMS / Vimeo"
100,https://vimeo.com/1182082660/79cbeeb879?share=copy&fl=sv&fe=ci,"official hejustinsun.com Framer CMS / Vimeo"
101,https://vimeo.com/1182083062/560f62e80a?share=copy&fl=sv&fe=ci,"official hejustinsun.com Framer CMS / Vimeo"
102,https://vimeo.com/1182083279/7de035ca36?share=copy&fl=sv&fe=ci,"official hejustinsun.com Framer CMS / Vimeo"
103,https://vimeo.com/1182083495/086bb40fb2?share=copy&fl=sv&fe=ci,"official hejustinsun.com Framer CMS / Vimeo"
104,https://vimeo.com/1182083775/1e7a6c3f22?share=copy&fl=sv&fe=ci,"official hejustinsun.com Framer CMS / Vimeo"
105,https://vimeo.com/1182083989/70d7f74f45?share=copy&fl=sv&fe=ci,"official hejustinsun.com Framer CMS / Vimeo"
106,https://vimeo.com/1182084160/ccc5d5a52b?share=copy&fl=sv&fe=ci,"official hejustinsun.com Framer CMS / Vimeo"
107,https://vimeo.com/1182084335/4a14e8c84a?share=copy&fl=sv&fe=ci,"official hejustinsun.com Framer CMS / Vimeo"
108,https://vimeo.com/1182084512/6738881242?share=copy&fl=sv&fe=ci,"official hejustinsun.com Framer CMS / Vimeo"
109,https://vimeo.com/1182084705/cc5b0fa2ed?share=copy&fl=sv&fe=ci,"official hejustinsun.com Framer CMS / Vimeo"
110,https://vimeo.com/1182084863/a34e5d8408?share=copy&fl=sv&fe=ci,"official hejustinsun.com Framer CMS / Vimeo"
111,https://vimeo.com/1182085278/8ef5a5082e?share=copy&fl=sv&fe=ci,"official hejustinsun.com Framer CMS / Vimeo"
112,https://vimeo.com/1182085471/4ef83a2973?share=copy&fl=sv&fe=ci,"official hejustinsun.com Framer CMS / Vimeo"
113,https://vimeo.com/1182085716/1137671dd0?share=copy&fl=sv&fe=ci,"official hejustinsun.com Framer CMS / Vimeo"
114,https://vimeo.com/1182085949/02bb341c45?share=copy&fl=sv&fe=ci,"official hejustinsun.com Framer CMS / Vimeo"
115,https://vimeo.com/1182086127/662e44bcbe?share=copy&fl=sv&fe=ci,"official hejustinsun.com Framer CMS / Vimeo"
116,https://vimeo.com/1182086313/03f97a0018?share=copy&fl=sv&fe=ci,"official hejustinsun.com Framer CMS / Vimeo"
117,https://vimeo.com/1182086501/95cecf4334?share=copy&fl=sv&fe=ci,"official hejustinsun.com Framer CMS / Vimeo"
118,https://vimeo.com/1182086653/cd6a8cb2dd?share=copy&fl=sv&fe=ci,"official hejustinsun.com Framer CMS / Vimeo"
119,https://vimeo.com/1182086824/c00f67eb3b?share=copy&fl=sv&fe=ci,"official hejustinsun.com Framer CMS / Vimeo"
120,https://vimeo.com/1182086989/654b9e2f7f?share=copy&fl=sv&fe=ci,"official hejustinsun.com Framer CMS / Vimeo"
121,https://vimeo.com/1182087190/26462d3846?share=copy&fl=sv&fe=ci,"official hejustinsun.com Framer CMS / Vimeo"
122,https://vimeo.com/1182087323/0769095885?share=copy&fl=sv&fe=ci,"official hejustinsun.com Framer CMS / Vimeo"
123,https://vimeo.com/1182087460/f4256f049a?share=copy&fl=sv&fe=ci,"official hejustinsun.com Framer CMS / Vimeo"
124,https://vimeo.com/1182087634/91959f5819?share=copy&fl=sv&fe=ci,"official hejustinsun.com Framer CMS / Vimeo"
125,https://vimeo.com/1182087825/e9caf3718a?share=copy&fl=sv&fe=ci,"official hejustinsun.com Framer CMS / Vimeo"
126,https://vimeo.com/1182088043/2ffc9926d2?share=copy&fl=sv&fe=ci,"official hejustinsun.com Framer CMS / Vimeo"
127,https://vimeo.com/1182090450/84561c3d2c?share=copy&fl=sv&fe=ci,"official hejustinsun.com Framer CMS / Vimeo"
128,https://vimeo.com/1182090568/cf6c6b05f4?share=copy&fl=sv&fe=ci,"official hejustinsun.com Framer CMS / Vimeo"
129,https://vimeo.com/1182090713/d4efa57cbd?share=copy&fl=sv&fe=ci,"official hejustinsun.com Framer CMS / Vimeo"
130,https://vimeo.com/1182090886/4443b0e1fc?share=copy&fl=sv&fe=ci,"official hejustinsun.com Framer CMS / Vimeo"
131,https://vimeo.com/1182091013/31221862fb?share=copy&fl=sv&fe=ci,"official hejustinsun.com Framer CMS / Vimeo"
132,https://vimeo.com/1182091304/c362a47322?share=copy&fl=sv&fe=ci,"official hejustinsun.com Framer CMS / Vimeo"
133,https://vimeo.com/1182091465/706e44e60f?share=copy&fl=sv&fe=ci,"official hejustinsun.com Framer CMS / Vimeo"
134,https://vimeo.com/1182091621/636605cb7f?share=copy&fl=sv&fe=ci,"official hejustinsun.com Framer CMS / Vimeo"
135,https://vimeo.com/1182091782/2f542c3f90?share=copy&fl=sv&fe=ci,"official hejustinsun.com Framer CMS / Vimeo"
136,https://vimeo.com/1182091926/6865932554?share=copy&fl=sv&fe=ci,"official hejustinsun.com Framer CMS / Vimeo"
137,https://vimeo.com/1182092076/12181097c5?share=copy&fl=sv&fe=ci,"official hejustinsun.com Framer CMS / Vimeo"
138,https://vimeo.com/1182092190/d68c1690bb?share=copy&fl=sv&fe=ci,"official hejustinsun.com Framer CMS / Vimeo"
139,https://vimeo.com/1182092335/f8aad8b2f3?share=copy&fl=sv&fe=ci,"official hejustinsun.com Framer CMS / Vimeo"
140,https://vimeo.com/1182092488/4495e79b17?share=copy&fl=sv&fe=ci,"official hejustinsun.com Framer CMS / Vimeo"
141,https://vimeo.com/1182092617/eeb0b5e7b7?share=copy&fl=sv&fe=ci,"official hejustinsun.com Framer CMS / Vimeo"
142,https://vimeo.com/1182092716/13c06e7f92?share=copy&fl=sv&fe=ci,"official hejustinsun.com Framer CMS / Vimeo"
143,https://vimeo.com/1182092829/96d7ec68e6?share=copy&fl=sv&fe=ci,"official hejustinsun.com Framer CMS / Vimeo"
144,https://vimeo.com/1182093195/468739801d?share=copy&fl=sv&fe=ci,"official hejustinsun.com Framer CMS / Vimeo"
145,https://vimeo.com/1182093388/853697eb7c?share=copy&fl=sv&fe=ci,"official hejustinsun.com Framer CMS / Vimeo"
146,https://vimeo.com/1182093519/2a452a10b2?share=copy&fl=sv&fe=ci,"official hejustinsun.com Framer CMS / Vimeo"
147,https://vimeo.com/1182093661/08a76b0a68?share=copy&fl=sv&fe=ci,"official hejustinsun.com Framer CMS / Vimeo"
148,https://vimeo.com/1182093790/181b7b17fd?share=copy&fl=sv&fe=ci,"official hejustinsun.com Framer CMS / Vimeo"
149,https://vimeo.com/1182093926/8ae155246f?share=copy&fl=sv&fe=ci,"official hejustinsun.com Framer CMS / Vimeo"
150,https://vimeo.com/1182096424/a816b3c989?share=copy&fl=sv&fe=ci,"official hejustinsun.com Framer CMS / Vimeo"
151,https://vimeo.com/1182096832/0daee9f65b?share=copy&fl=sv&fe=ci,"official hejustinsun.com Framer CMS / Vimeo"
152,https://vimeo.com/1182097218/dcc6993eab?share=copy&fl=sv&fe=ci,"official hejustinsun.com Framer CMS / Vimeo"
153,https://vimeo.com/1182097346/0bcd608aa6?share=copy&fl=sv&fe=ci,"official hejustinsun.com Framer CMS / Vimeo"
154,https://vimeo.com/1182097591/37dc607ada?share=copy&fl=sv&fe=ci,"official hejustinsun.com Framer CMS / Vimeo"
155,https://vimeo.com/1182097774/2ea4134b32?share=copy&fl=sv&fe=ci,"official hejustinsun.com Framer CMS / Vimeo"
156,https://vimeo.com/1183531243/fec0f3f39c?share=copy&fl=sv&fe=ci,"official hejustinsun.com Framer CMS / Vimeo"
